"JGI_ID","CladeOrder","Ecology","Group","SpeciesName","Phylum","Class","Order","Family","Genus"
"Morcon1",1,"Saprotroph","Black Morels","M.conifericola_Mel-32","Ascomycota","Pezizomycetes","Pezizales","Morchellaceae","Morchella"
"Morsep1",2,"Saprotroph","Black Morels","M.septentrionalis_NRRL_54509","Ascomycota","Pezizomycetes","Pezizales","Morchellaceae","Morchella"
"MorM21481_1",3,"Saprotroph","Black Morels","M.Mel-23_M21-48-1","Ascomycota","Pezizomycetes","Pezizales","Morchellaceae","Morchella"
"Morarb1",4,"Saprotroph","Black Morels","M.arbutiphila_PhC_291","Ascomycota","Pezizomycetes","Pezizales","Morchellaceae","Morchella"
"Morbru1",5,"Saprotroph","Black Morels","M.brunnea_NRRL_20869","Ascomycota","Pezizomycetes","Pezizales","Morchellaceae","Morchella"
"Morbrun1",6,"Saprotroph","Black Morels","M.brunnea_JGI_1270818","Ascomycota","Pezizomycetes","Pezizales","Morchellaceae","Morchella"
"Moreoh1",7,"Saprotroph","Black Morels","M.norvegiensis_Mel-19","Ascomycota","Pezizomycetes","Pezizales","Morchellaceae","Morchella"
"Morhis1",8,"Saprotroph","Black Morels","M.hispaniolensis_NRRL_26637","Ascomycota","Pezizomycetes","Pezizales","Morchellaceae","Morchella"
"Morang1",9,"Saprotroph","Black Morels","M.angusticeps_Mel-15","Ascomycota","Pezizomycetes","Pezizales","Morchellaceae","Morchella"
"Morpul1",10,"Saprotroph","Black Morels","M.pulchella_Mel-27","Ascomycota","Pezizomycetes","Pezizales","Morchellaceae","Morchella"
"Morsny1",11,"Saprotroph","Black Morels","M.snyderi_CBS_144464","Ascomycota","Pezizomycetes","Pezizales","Morchellaceae","Morchella"
"Mordel1",12,"Saprotroph","Black Morels","M.deliciosa_PhC_191","Ascomycota","Pezizomycetes","Pezizales","Morchellaceae","Morchella"
"Morkaki1",13,"Saprotroph","Black Morels","M.kakiicolor_PhC_280","Ascomycota","Pezizomycetes","Pezizales","Morchellaceae","Morchella"
"Morsem1",14,"Saprotroph","Black Morels","M.quercus-ilicis_var_kakiicolor_PhC_218","Ascomycota","Pezizomycetes","Pezizales","Morchellaceae","Morchella"
"Mordis1",15,"Saprotroph","Black Morels","M.disparilis_PhC_293","Ascomycota","Pezizomycetes","Pezizales","Morchellaceae","Morchella"
"Morgal1",16,"Saprotroph","Black Morels","M.sp_GAL_PhC_278","Ascomycota","Pezizomycetes","Pezizales","Morchellaceae","Morchella"
"Mordun1",17,"Saprotroph","Black Morels","M.dunalii_PhC_240","Ascomycota","Pezizomycetes","Pezizales","Morchellaceae","Morchella"
"Morco1",18,"Saprotroph","Black Morels","M.importuna_CCBA","Ascomycota","Pezizomycetes","Pezizales","Morchellaceae","Morchella"
"Morimp1",19,"Saprotroph","Black Morels","M.importuna_SCYD","Ascomycota","Pezizomycetes","Pezizales","Morchellaceae","Morchella"
"Morexi1",20,"Saprotroph","Black Morels","M.eximia_NRRL_26621","Ascomycota","Pezizomycetes","Pezizales","Morchellaceae","Morchella"
"Morexim1",21,"Saprotroph","Black Morels","M.eximia_CBS_144461","Ascomycota","Pezizomycetes","Pezizales","Morchellaceae","Morchella"
"Morpop1",22,"Saprotroph","Black Morels","M.populiphila_NRRL_22315","Ascomycota","Pezizomycetes","Pezizales","Morchellaceae","Morchella"
"Morpun1",23,"Saprotroph","Black Morels","M.punctipes_GB769","Ascomycota","Pezizomycetes","Pezizales","Morchellaceae","Morchella"
"Mortrid1",24,"Saprotroph","Black Morels","M.tridentina_NRRL_54570","Ascomycota","Pezizomycetes","Pezizales","Morchellaceae","Morchella"
"Moresc1",25,"Saprotroph","Yellow Morels","M.esculenta_PhC_158","Ascomycota","Pezizomycetes","Pezizales","Morchellaceae","Morchella"
"Morvulg1",26,"Saprotroph","Yellow Morels","M.vulgaris_PhC_271","Ascomycota","Pezizomycetes","Pezizales","Morchellaceae","Morchella"
"Morfluv1",27,"Saprotroph","Yellow Morels","M.fluvialis_PhC_265","Ascomycota","Pezizomycetes","Pezizales","Morchellaceae","Morchella"
"MorvulMes17_1",28,"Saprotroph","Yellow Morels","M.sp_Mes-17","Ascomycota","Pezizomycetes","Pezizales","Morchellaceae","Morchella"
"Morpra1",29,"Saprotroph","Yellow Morels","M.prava_Mes-7","Ascomycota","Pezizomycetes","Pezizales","Morchellaceae","Morchella"
"Morulm1",30,"Saprotroph","Yellow Morels","M.ulmaria_NRRL_36825","Ascomycota","Pezizomycetes","Pezizales","Morchellaceae","Morchella"
"MorM1934m1_1",31,"Saprotroph","Yellow Morels","M.fluvialis_M19-34m_v1.1","Ascomycota","Pezizomycetes","Pezizales","Morchellaceae","Morchella"
"Morper1",32,"Saprotroph","Yellow Morels","M.peruviana_NRRL_66754","Ascomycota","Pezizomycetes","Pezizales","Morchellaceae","Morchella"
"Morame1",33,"Saprotroph","Yellow Morels","M.americana_PhC_192","Ascomycota","Pezizomycetes","Pezizales","Morchellaceae","Morchella"
"Mordim1",34,"Saprotroph","Yellow Morels","M.diminutiva_Mes-2","Ascomycota","Pezizomycetes","Pezizales","Morchellaceae","Morchella"
"Morpal1",35,"Saprotroph","Yellow Morels","M.steppicola_PhC_149","Ascomycota","Pezizomycetes","Pezizales","Morchellaceae","Morchella"
"Morste1",36,"Saprotroph","Yellow Morels","M.steppicola_PhC_289","Ascomycota","Pezizomycetes","Pezizales","Morchellaceae","Morchella"
"Morcra1",37,"Saprotroph","Blushing Morels","M.rufobrunnea_M84","Ascomycota","Pezizomycetes","Pezizales","Morchellaceae","Morchella"
"Morruf1",38,"Saprotroph","Blushing Morels","M.rufobrunnea_NRRL_28464","Ascomycota","Pezizomycetes","Pezizales","Morchellaceae","Morchella"
"Morana1",39,"Saprotroph","Blushing Morels","M.anatolica_PhC_233","Ascomycota","Pezizomycetes","Pezizales","Morchellaceae","Morchella"
"Kalbru1",40,"Saprotroph","Hypogenous Truffles","K.brunnea_GMNB372","Ascomycota","Pezizomycetes","Pezizales","Morchellaceae","Kalapuya"
"Leuca1",41,"Saprotroph","Hypogenous Truffles","L.carthusianum_GMNB180","Ascomycota","Pezizomycetes","Pezizales","Helvellaceae","Leucangium"
"Disven1",42,"Saprotroph","Cup Morels","D.venosa_NRRL_24433","Ascomycota","Pezizomycetes","Pezizales","Morchellaceae","Disciotis"
"Vercon1",43,"Saprotroph","False Morels","V.conica_TJ0815","Ascomycota","Pezizomycetes","Pezizales","Morchellaceae","Verpa"
"Gyresc1",44,"Saprotroph","False Morels","G.esculenta_CBS101906","Ascomycota","Pezizomycetes","Pezizales","Discinaceae","Gyromitra"
"Gyrinf1",45,"Saprotroph","False Morels","P.infula_Spk-SM18","Ascomycota","Pezizomycetes","Pezizales","Discinaceae","Gyromitra"
